ReqID,Type,Title,RequirementText,Priority,Module,ActorRole,SourceSection,DiagramRef,Entities,Attributes,APEXPages,APIAffected,RulesAlgorithms,Validations,ErrorsEdgeCases,AcceptanceCriteria,TestCaseIDs,Status,Notes
FR-001,FR,إدارة أنواع المراحل | Stage Types,يجب أن يتيح النظام تعريف وتعديل وتعطيل أنواع المراحل.,MVP,MASTER,مسؤول النظام,3.1 FR-1,,STAGE_TYPES,TYPE_ID;NAME_AR;NAME_EN;ACTIVE,P-020,,,,N/A,يمكن إنشاء نوع مرحلة وتعديله وتعطيله ويظهر في القوائم.,TC-001,READY,
FR-002,FR,إدارة المراحل وخصائصها | Stages,يجب أن يدعم النظام المراحل بكود فريد وأسماء متعددة ولها نوع وترتيب وحالة.,MVP,MASTER,مسؤول النظام,3.1 FR-1,,STAGES;STAGE_TYPES,STAGE_ID;CODE;NAME_AR;NAME_EN;NAME_HI;TYPE_ID;SEQ;ACTIVE,P-030,,,CODE فريد,رفض تكرار CODE,يمكن حفظ مرحلة بكود فريد وترتيب وحالة وأسماء اللغات.,TC-002,READY,
FR-003,FR,ربط المنتجات بأنواع المبيعات,يجب ربط المنتجات بأنواع المنتجات القادمة من نظام المبيعات.,MVP,MASTER,مسؤول النظام,3.1 FR-1,,PRODUCTS,PROD_TYPE,,,,,N/A,يتم ربط المنتج بنوع المنتج من نظام المبيعات.,TC-003,READY,واجهة إدارة المنتجات غير مذكورة ضمن صفحات APEX.
FR-004,FR,قاموس مواصفات ومقاسات المنتج,يجب توفير قاموس مواصفات ومقاسات لكل منتج/موديل.,MVP,MASTER,مسؤول النظام,3.1 FR-1,,PRODUCTS,CUSTOMER_OPTIONS_JSON,,,,,N/A,يمكن حفظ مواصفات ومقاسات مرتبطة بمنتج/موديل.,TC-004,READY,بنية القاموس التفصيلية غير محددة.
FR-005,FR,بيانات الموظفين الأساسية,يجب أن يدعم النظام بيانات الموظف: رقم وظيفي وأسماء وBadge/Barcode ومرحلة افتراضية وحالة.,MVP,MASTER,مسؤول النظام,3.1 FR-1,,EMPLOYEES,EMP_ID;EMP_NO;NAME_AR;NAME_EN;NAME_HI;BADGE_CODE;DEFAULT_STAGE_ID;STATUS,P-040,,,EMP_NO فريد وBADGE_CODE فريد,رفض تكرار EMP_NO أو BADGE_CODE,يمكن إنشاء موظف بالحقول المطلوبة وتحديد المرحلة الافتراضية.,TC-005,READY,
FR-006,FR,مهارات الموظف والمراحل المخولة,يجب ربط الموظف بالمراحل المخولة وفق مهاراته.,MVP,MASTER,مسؤول النظام,3.1 FR-1,,SKILLS;EMPLOYEES;STAGES,EMP_ID;STAGE_ID,P-040,,,الموظف والمرحلة موجودان,رفض ربط مرحلة غير موجودة,يمكن تعيين مراحل مخولة لكل موظف.,TC-006,READY,
FR-007,FR,قاموس العيوب حسب المرحلة,يجب توفير قاموس عيوب لكل مرحلة مع شدة وفئات.,MVP,QC,مسؤول النظام,3.1 FR-1,,DEFECTS;STAGE_DEFECTS,DEFECT_ID;CODE;SEVERITY;CATEGORY;STAGE_ID;ALLOWED;SEVERITY_OVERRIDE,P-070,,,كود العيب فريد وربط العيب بالمرحلة مسموح,رفض ربط عيب بمرحلة غير مسموح بها,يمكن ربط العيوب بالمراحل وفق القاموس المعتمد.,TC-007,READY,ASSUMPTION: A-003
FR-008,FR,جزاءات العيوب حسب السياق,يجب تعريف جزاءات العيوب حسب الوظيفة ومكان الاكتشاف والتكرار.,MVP,QC,مسؤول النظام,3.1 FR-1,,PENALTIES,PENALTY_ID;DEFECT_CODE;SEVERITY;DISCOVERY_LOCATION;ROLE;FIRST_POINTS;REPEAT_POINTS;MAX_CAP_PER_INVOICE,P-070,,,النقاط أرقام موجبة والحد الأعلى محدد,رفض إدخال نقاط سالبة أو تجاوز الحد الأقصى,تُحدد الجزاءات وفق مصفوفة النقاط المعتمدة.,TC-008,READY,ASSUMPTION: A-004
FR-009,FR,أنواع الأسعار التشغيلية,يجب دعم أسعار المراحل وفق الساعة والقطعة والحد الأدنى الشهري.,MVP,PAYROLL,مسؤول النظام,3.1 FR-1,,RATES,RATE_ID;STAGE_ID;EMP_ID;RATE_TYPE;RATE_VALUE;EFFECTIVE_FROM;EFFECTIVE_TO,P-090,,,RATE_TYPE ضمن HOUR|PIECE|MONTHLY_MIN,رفض نوع سعر غير مدعوم,يمكن تعريف سعر للساعة أو القطعة أو الحد الأدنى الشهري.,TC-009,READY,
FR-010,FR,محتوى التدريب,يجب دعم محتوى تدريبي يشمل تعليمات تشغيلية وفيديوهات واختبارات وتكرار وإقرار.,MVP,TRAINING,مسؤول النظام,3.1 FR-1,,TRAINING_CONTENT;TRAINING_ASSIGN,TR_ID;STAGE_ID;TITLE;MEDIA_URL;QUIZ_JSON;RECURRENCE;ACK_AT,P-045,,,,N/A,يمكن حفظ محتوى تدريبي وربطه بمرحلة مع تكرار وإقرار.,TC-010,READY,
FR-011,FR,قوالب WhatsApp الديناميكية,يجب توفير قوالب رسائل WhatsApp ديناميكية.,MVP,NOTIFICATIONS,مسؤول النظام,3.1 FR-1,,SETTINGS;NOTIFICATIONS,KEY;VALUE;TEMPLATE,P-010,,,,N/A,يمكن تعريف قالب رسالة ديناميكي للاستخدام في الإشعارات.,TC-011,READY,قائمة القوالب المفصلة مطلوبة في المرفقات.
FR-012,FR,إعدادات اليوم الموسمي,يجب دعم إعدادات اليوم الموسمي بحدود AM/PM بالساعة والدقيقة.,MVP,MASTER,مسؤول النظام,3.1 FR-1,,SETTINGS,KEY;VALUE,P-010,,,,N/A,يمكن ضبط حدود اليوم الموسمي بالساعة والدقيقة.,TC-012,READY,
FR-013,FR,التوزيع الآلي حسب الأولويات,يجب تنفيذ التوزيع الآلي حسب أولوية التسليم ثم بُعد الفرع وزمن الشحن ثم رقم الفاتورة.,MVP,DISTRIBUTION,أمين المستودع,3.2 FR-2,,DISTRIBUTIONS;ORDERS,DUE_DATE;SHIP_DISTANCE;INVOICE_NUM,P-050,,ALG-003,,N/A,يتم ترتيب العناصر تلقائيا وفق القواعد المحددة.,TC-013,READY,
FR-014,FR,التوزيع اليدوي مع السبب,يجب دعم التوزيع اليدوي مع تسجيل السبب.,MVP,DISTRIBUTION,أمين المستودع,3.2 FR-2,,DISTRIBUTIONS,REASON,P-050,,,السبب مطلوب,رفض التوزيع بدون سبب,يمكن تنفيذ توزيع يدوي وتسجيل سبب التوزيع.,TC-014,READY,
FR-015,FR,تعديل التوزيع اليدوي,يجب السماح بتعديل التوزيع اليدوي مع الاحتفاظ بالسبب.,MVP,DISTRIBUTION,أمين المستودع,3.2 FR-2,,DISTRIBUTIONS,REASON,P-050,,,,N/A,يمكن تعديل توزيع يدوي قائم وتسجيل السبب.,TC-015,READY,
FR-016,FR,منع القفز غير المنطقي بين المراحل,يجب منع القفز غير المنطقي بين المراحل وفق التسلسل.,MVP,DISTRIBUTION,أمين المستودع,3.2 FR-2,,STAGES;DISTRIBUTIONS,SEQ,P-050,,,الانتقال يتبع تسلسل المراحل,رفض الانتقال غير المتسلسل,لا يسمح النظام بنقل المنتج لمرحلة غير منطقية حسب التسلسل.,TC-016,READY,
FR-017,FR,Undo لحركة التوزيع بسلطة مشرف,يجب دعم Undo لحركة التوزيع بسلطة مشرف مع تسجيل السبب.,MVP,DISTRIBUTION,مدير الإنتاج,3.2 FR-2,,DISTRIBUTIONS;AUDIT_LOG,REASON;USER_ID,P-050,,,السبب مطلوب وصلاحية المشرف,رفض Undo بدون صلاحية,يمكن للمشرف إلغاء حركة توزيع مع تسجيل السبب.,TC-017,READY,
FR-018,FR,WIP لحظي لكل مرحلة,يجب عرض WIP لحظي على مستوى المرحلة (داخل/خارج).,MVP,DISTRIBUTION,أمين المستودع,3.2 FR-2,,DISTRIBUTIONS;PROD_LOGS;STAGES,,P-050,,,,N/A,يتم تحديث WIP فوريا عند حركة المنتج أو تسجيل الإنتاج.,TC-018,READY,
FR-019,FR,توزيع حسب المراحل والموظفين للأيام دون إضافي,يجب تمكين مسؤول التوزيع من توزيع المنتجات حسب المراحل والموظفين العاملين فيها لمعالجة أيام دون إضافي.,MVP,DISTRIBUTION,أمين المستودع,1.1 الهدف,,DISTRIBUTIONS;EMPLOYEES;STAGES,,P-050,,,,N/A,يمكن اختيار مرحلة وموظفين لتوزيع المنتجات عليهم يدويا.,TC-019,READY,
FR-020,FR,دخول عبر Badge,يجب السماح بالدخول عبر مسح بطاقة الموظف.,MVP,PROD_LOGGING,عامل تشغيلي,3.3 FR-3,,EMPLOYEES,BADGE_CODE,P-060,,,,رفض بطاقة غير معروفة,يسمح النظام بالدخول عبر مسح Badge صحيح.,TC-020,READY,
FR-021,FR,دخول عبر الرقم الوظيفي,يجب السماح بالدخول عبر إدخال الرقم الوظيفي.,MVP,PROD_LOGGING,عامل تشغيلي,3.3 FR-3,,EMPLOYEES,EMP_NO,P-060,,,,رفض رقم وظيفي غير معروف,يسمح النظام بالدخول عند إدخال رقم وظيفي صحيح.,TC-021,READY,
FR-022,FR,اقتراح المرحلة الافتراضية,يجب اقتراح المرحلة الافتراضية للموظف عند تسجيل الإنتاج.,MVP,PROD_LOGGING,عامل تشغيلي,3.3 FR-3,,EMPLOYEES;STAGES,DEFAULT_STAGE_ID,P-060,,,,N/A,تظهر المرحلة الافتراضية تلقائيا بعد الدخول.,TC-022,READY,
FR-023,FR,السماح بالمراحل المخولة فقط,يجب السماح بتسجيل الإنتاج للمراحل المخولة فقط.,MVP,PROD_LOGGING,عامل تشغيلي,3.3 FR-3,,SKILLS;STAGES,STAGE_ID,P-060,,,المرحلة ضمن مهارات الموظف,رفض مرحلة غير مخولة,لا يمكن للموظف اختيار مرحلة غير مخولة.,TC-023,READY,
FR-024,FR,مسح/إدخال رقم المنتج Barcode/QR,يجب دعم مسح أو إدخال رقم المنتج عبر Barcode/QR.,MVP,PROD_LOGGING,عامل تشغيلي,3.3 FR-3,,ORDER_ITEMS,ITEM_ID,P-060,,,,رفض رقم منتج غير موجود,يمكن إدخال رقم المنتج أو مسحه لتسجيل الإنتاج.,TC-024,READY,
FR-025,FR,تسجيل بداية القطعة,يجب تسجيل وقت البداية لكل قطعة.,MVP,PROD_LOGGING,عامل تشغيلي,3.3 FR-3,,PROD_LOGS,START_AT,P-060,,,,N/A,يُحفظ وقت البداية عند بدء العمل على القطعة.,TC-025,READY,
FR-026,FR,تسجيل نهاية القطعة,يجب تسجيل وقت النهاية لكل قطعة.,MVP,PROD_LOGGING,عامل تشغيلي,3.3 FR-3,,PROD_LOGS,END_AT,P-060,,,,رفض نهاية قبل البداية,يُحفظ وقت النهاية عند إيقاف العمل على القطعة.,TC-026,READY,
FR-027,FR,حساب المدة الفعلية,يجب احتساب المدة الفعلية لكل قطعة من البداية للنهاية.,MVP,PROD_LOGGING,عامل تشغيلي,3.3 FR-3,,PROD_LOGS,DURATION_SEC,P-060,,,,N/A,يتم حساب مدة القطعة تلقائيا بعد تسجيل النهاية.,TC-027,READY,
FR-028,FR,مرحلة نهائية للمصنع,يجب تعريف مرحلة نهائية للمصنع لكشف المراحل التي لم تُسجّل.,MVP,PROD_LOGGING,مسؤول النظام,3.3 FR-3,,SETTINGS;STAGES,KEY;VALUE,P-010,,,,N/A,يمكن تحديد مرحلة نهائية ويُستخدم ذلك لإبراز المراحل غير المسجلة.,TC-028,READY,تفاصيل تمثيل المرحلة النهائية تُضبط كإعداد.
FR-029,FR,عدم تكرار المنتج في نفس المرحلة,يجب منع تكرار نفس المنتج في نفس المرحلة.,MVP,PROD_LOGGING,عامل تشغيلي,3.3 FR-3,,PROD_LOGS,ITEM_ID;STAGE_ID,P-060,,,منع تكرار ITEM_ID لنفس STAGE_ID,رفض تسجيل مكرر,لا يقبل النظام تسجيل القطعة نفسها مرتين في المرحلة نفسها.,TC-029,READY,
FR-030,FR,منع تعدد الموظفين على نفس الفاتورة في مرحلة خياطة,يجب منع تشغيل نفس الفاتورة في نفس المرحلة من أكثر من موظف لبعض مراحل الخياطة.,MVP,PROD_LOGGING,عامل تشغيلي,3.3 FR-3,,ORDERS;PROD_LOGS;STAGES,INVOICE_NUM;STAGE_ID;EMP_ID,P-060,,,في المراحل IsSewing=Y وCanRunParallelForSameInvoice=N يمنع أكثر من موظف لنفس الفاتورة,رفض تسجيل موظف ثان لنفس الفاتورة في مرحلة خياطة مقيدة,يُمنع التوازي لنفس الفاتورة في مراحل الخياطة المقيدة.,TC-030,READY,ASSUMPTION: A-001; A-002
FR-031,FR,منع التسجيل لمن لديه مرتجع متأخر,يجب منع تسجيل الإنتاج لمن لديه مرتجع غير معالج بعد موعد إصلاح.,MVP,REPAIR,عامل تشغيلي,3.3 FR-3,,REPAIR_TICKETS;PROD_LOGS,DUE_AT;STATUS,P-075,,,وجود مرتجع متأخر يمنع التسجيل,رفض التسجيل عند وجود تذكرة متأخرة,لا يسمح النظام بالتسجيل عند وجود تذكرة إصلاح متأخرة غير مغلقة.,TC-031,READY,الاستثناء موضح في FR-049.
FR-032,FR,توليد مرحلة غسيل القماش,يجب فحص مواصفة غسيل القماش وتوليد مرحلة الغسيل عند الحاجة.,MVP,PROD_LOGGING,مسؤول النظام,3.3 FR-3,,SPEC_OPTIONS;ITEM_STAGE_PLAN,SPEC_KEY;SPEC_VALUE;STAGE_CODE;SEQ;REQUIRED_YN,P-060,,,تضاف المرحلة عند توفر المواصفة المحددة,منع تكرار نفس المرحلة في المسار,يُولّد StagePlan ويضيف المرحلة المطلوبة عند تحقق المواصفة.,TC-032,READY,ASSUMPTION: A-008
FR-033,FR,توليد مرحلة التطريز,يجب فحص مواصفة التطريز وتوليد مرحلة التطريز عند الحاجة.,MVP,PROD_LOGGING,مسؤول النظام,3.3 FR-3,,SPEC_OPTIONS;ITEM_STAGE_PLAN,SPEC_KEY;SPEC_VALUE;STAGE_CODE;SEQ;REQUIRED_YN,P-060,,,تضاف المرحلة عند توفر المواصفة المحددة,منع تكرار نفس المرحلة في المسار,يُولّد StagePlan ويضيف المرحلة المطلوبة عند تحقق المواصفة.,TC-033,READY,ASSUMPTION: A-008
FR-034,FR,توليد مرحلة الإكسسوار,يجب فحص مواصفة الإكسسوار وتوليد مرحلة الإكسسوار عند الحاجة.,MVP,PROD_LOGGING,مسؤول النظام,3.3 FR-3,,SPEC_OPTIONS;ITEM_STAGE_PLAN,SPEC_KEY;SPEC_VALUE;STAGE_CODE;SEQ;REQUIRED_YN,P-060,,,تضاف المرحلة عند توفر المواصفة المحددة,منع تكرار نفس المرحلة في المسار,يُولّد StagePlan ويضيف المرحلة المطلوبة عند تحقق المواصفة.,TC-034,READY,ASSUMPTION: A-008
FR-035,FR,منع خياط خارجي من مراحل خياطة المصنع,يجب منع خياط خارجي من تسجيل مراحل الخياطة التي تخص المصنع.,MVP,PROD_LOGGING,خياط,1.1 الهدف,,EMPLOYEES;STAGES;PROD_LOGS,IS_EXTERNAL_TAILOR;IS_EXTERNAL;IS_INTERNAL,P-060,,,الخياط الخارجي يسمح له فقط بالمراحل الخارجية,رفض تسجيل مرحلة داخلية لخياط خارجي,لا يمكن للخياط الخارجي تسجيل مراحل خياطة داخلية.,TC-035,READY,ASSUMPTION: A-009
FR-036,FR,ربط المرحلة بحزمة تدريب,يجب ربط كل مرحلة بحزمة تدريب تشمل تشغيل الآلة والفحص والصيانة ومعايير مصورة.,MVP,TRAINING,مسؤول النظام,3.4 FR-4,,TRAINING_CONTENT;STAGES,TR_ID;STAGE_ID,P-045,,,,N/A,يمكن ربط كل مرحلة بمحتوى تدريبي محدد.,TC-036,READY,
FR-037,FR,بوابة التدريب قبل التسجيل,يجب منع تسجيل الإنتاج قبل إتمام التدريب بنجاح.,MVP,TRAINING,عامل تشغيلي,3.4 FR-4,,TRAINING_ASSIGN;PROD_LOGS,STATUS,P-060,,,التدريب مكتمل,رفض التسجيل عند عدم اكتمال التدريب,لا يمكن التسجيل إلا بعد إكمال التدريب المطلوب.,TC-037,READY,
FR-038,FR,تكرار تدريبي دوري وإقرار إلكتروني,يجب جدولة تكرار تدريبي دوري مع إشعارات وإقرار إلكتروني محفوظ.,MVP,TRAINING,مسؤول النظام,3.4 FR-4,,TRAINING_CONTENT;TRAINING_ASSIGN;NOTIFICATIONS,RECURRENCE;DUE_DATE;ACK_AT,P-045,,,,N/A,توجد مهام تدريب دورية ويُحفظ الإقرار إلكترونيا.,TC-038,READY,
FR-039,FR,QC أولي,يجب دعم فحص جودة أولي لمراحل التحضير والخياطة.,MVP,QC,فاحص جودة أولي,3.5 FR-5,,QC_CHECKS,QC_TYPE,P-070,,,,N/A,يمكن تسجيل فحص QC من النوع الأولي.,TC-039,READY,
FR-040,FR,QC نهائي,يجب دعم فحص جودة نهائي لمراحل التشطيب.,MVP,QC,فاحص جودة نهائي,3.5 FR-5,,QC_CHECKS,QC_TYPE,P-070,,,,N/A,يمكن تسجيل فحص QC من النوع النهائي.,TC-040,READY,
FR-041,FR,QC مبيعات الفروع,يجب دعم فحص جودة لمبيعات الفروع.,MVP,QC,فاحص جودة نهائي,3.5 FR-5,,QC_CHECKS,QC_TYPE,P-070,,,,N/A,يمكن تسجيل فحص QC من نوع مبيعات الفروع.,TC-041,READY,
FR-042,FR,نتيجة QC مطابق,"يجب دعم نتيجة فحص ""مطابق للمواصفات والمقاييس"".",MVP,QC,فاحص جودة أولي,3.5 FR-5,,QC_CHECKS,RESULT,P-070,,,,N/A,يمكن حفظ نتيجة QC كـ مطابق.,TC-042,READY,
FR-043,FR,نتيجة QC إرجاع للإصلاح,"يجب دعم نتيجة فحص ""إرجاع للإصلاح"".",MVP,QC,فاحص جودة أولي,3.5 FR-5,,QC_CHECKS;REPAIR_TICKETS,RESULT,P-070,,,,N/A,يمكن تسجيل نتيجة إرجاع للإصلاح وفتح تذكرة عند الحاجة.,TC-043,READY,
FR-044,FR,نتيجة QC مرفوض وتغيير,"يجب دعم نتيجة فحص ""مرفوض وتغيير"".",MVP,QC,فاحص جودة نهائي,3.5 FR-5,,QC_CHECKS,RESULT,P-070,,,,N/A,يمكن حفظ نتيجة QC كمرفوض وتغيير.,TC-044,READY,
FR-045,FR,QC مخفي ومطابقة مواصفات,يجب تنفيذ فحص جودة مخفي يطابق المواصفات والمقاسات مع اختيار العميل وعند الفشل ينشئ تذكرة إصلاح إلزامية.,MVP,QC,فاحص جودة نهائي,3.5 FR-5,,QC_CHECKS;QC_DEFECTS;REPAIR_TICKETS;PRODUCTS;ORDERS,HIDDEN_CHECK_JSON;CUSTOMER_OPTIONS_JSON,P-070,,,مطابقة المواصفات والمقاسات,فتح تذكرة إصلاح عند الفشل,يفتح النظام تذكرة إصلاح إلزامية عند فشل الفحص المخفي.,TC-045,READY,ASSUMPTION: A-006
FR-046,FR,فحص البروفة لمراحل معينة,يجب التحقق ما إذا كان المنتج بروفة لمراحل معينة.,MVP,QC,فاحص جودة أولي,3.5 FR-5,,SPEC_OPTIONS;QC_CHECKS,SPEC_KEY;SPEC_VALUE;QC_TYPE,P-070,,,إذا كانت البروفة = true يجب إجراء QC إضافي,رفض تجاوز QC للبروفة,يتم تطبيق فحص إضافي عند وجود بروفة.,TC-046,READY,ASSUMPTION: A-007
FR-047,FR,صور إلزامية عند تسجيل العيب,يجب فرض صور إلزامية عند تسجيل العيب لبعض معايير الفحص.,MVP,QC,فاحص جودة أولي,3.5 FR-5,,QC_DEFECTS;DEFECTS,DEFECT_ID;PHOTO_URL;REQUIRES_PHOTO,P-070,,,الصورة مطلوبة عندما RequiresPhoto=Y,رفض حفظ العيب بدون صورة عند الإلزام,لا يُقبل تسجيل عيب مُلزم بالصور بدون مرفق.,TC-047,READY,ASSUMPTION: A-005
FR-048,FR,موعد إصلاح وإشعار واتساب,يجب تحديد موعد إصلاح مع إشعار WhatsApp.,MVP,REPAIR,فاحص جودة نهائي,3.5 FR-5,,REPAIR_TICKETS;NOTIFICATIONS,DUE_AT;STATUS,P-075,,,موعد إصلاح مطلوب,رفض حفظ بدون موعد,يتم تحديد موعد إصلاح وإرسال إشعار واتساب.,TC-048,READY,
FR-049,FR,منع التسجيل بعد موعد الإصلاح إلا باستثناء,يجب منع متابعة التسجيل بعد موعد الإصلاح إلا باستثناء مدير الإنتاج لنقص المواد الخام.,MVP,REPAIR,مدير الإنتاج,3.5 FR-5,,REPAIR_TICKETS;PROD_LOGS,DUE_AT;STATUS,P-075,,,تجاوز الموعد يمنع التسجيل إلا باستثناء,رفض التسجيل بعد الموعد,يحظر النظام التسجيل بعد الموعد ويتيح استثناء مدير الإنتاج فقط.,TC-049,READY,يرتبط بالتصريح الخاص في SEC-007.
FR-050,FR,إشعارات تدريب WhatsApp,يجب إرسال إشعارات WhatsApp للتدريب.,MVP,NOTIFICATIONS,مسؤول النظام,3.6 FR-6,,NOTIFICATIONS,CHANNEL;TEMPLATE;STATUS,P-045,,,,N/A,يتم إرسال إشعار التدريب عبر WhatsApp.,TC-050,READY,
FR-051,FR,إشعارات المرتجعات WhatsApp,يجب إرسال إشعارات WhatsApp للمرتجعات.,MVP,NOTIFICATIONS,مسؤول النظام,3.6 FR-6,,NOTIFICATIONS,CHANNEL;TEMPLATE;STATUS,P-075,,,,N/A,يتم إرسال إشعار المرتجع عبر WhatsApp.,TC-051,READY,
FR-052,FR,إشعارات مواعيد الإصلاح WhatsApp,يجب إرسال إشعارات WhatsApp لمواعيد الإصلاح.,MVP,NOTIFICATIONS,مسؤول النظام,3.6 FR-6,,NOTIFICATIONS,CHANNEL;TEMPLATE;STATUS,P-075,,,,N/A,يتم إرسال إشعار موعد الإصلاح عبر WhatsApp.,TC-052,READY,
FR-053,FR,إشعارات تحديث المحتوى التدريبي,يجب إرسال إشعارات WhatsApp لتحديثات المحتوى التدريبي.,MVP,NOTIFICATIONS,مسؤول النظام,3.6 FR-6,,NOTIFICATIONS,CHANNEL;TEMPLATE;STATUS,P-045,,,,N/A,يتم إرسال إشعار تحديث المحتوى التدريبي عبر WhatsApp.,TC-053,READY,
FR-054,FR,سجل حالة تسليم الإشعار,يجب تسجيل حالة التسليم (Sent/Delivered/Read) إن توفرت من القناة.,MVP,NOTIFICATIONS,مسؤول النظام,3.6 FR-6,,NOTIFICATIONS,STATUS;SENT_AT,P-010,,,,N/A,يتم حفظ حالة التسليم عندما تكون متاحة من مزود الرسائل.,TC-054,READY,تعتمد على دعم مزود الرسائل.
FR-055,FR,لوحة التخطيط والاختناقات,يجب أن تعرض اللوحة رصيد كل مرحلة ومعدل الصرف والمتوقع إخلاؤه والاختناقات.,MVP,PLANNING,مدير الإنتاج,3.7 FR-7,,STAGES;PROD_LOGS;DISTRIBUTIONS,,P-080,,,,N/A,تعرض اللوحة المؤشرات المذكورة لكل مرحلة.,TC-055,READY,
FR-056,FR,حساب القدرة اليومية,يجب حساب القدرة اليومية اعتمادا على أداء آخر 7 أيام.,MVP,PLANNING,مدير الإنتاج,3.7 FR-7,,PROD_LOGS,END_AT,P-080,,ALG-001,,N/A,يعرض النظام القدرة اليومية مبنية على آخر 7 أيام.,TC-056,READY,
FR-057,FR,حساب القدرة الأسبوعية,يجب حساب القدرة الأسبوعية اعتمادا على أداء آخر 7 أيام.,MVP,PLANNING,مدير الإنتاج,3.7 FR-7,,PROD_LOGS,END_AT,P-080,,ALG-001,,N/A,يعرض النظام القدرة الأسبوعية مبنية على آخر 7 أيام.,TC-057,READY,
FR-058,FR,حساب ETA للتسليم,يجب حساب ETA للتسليم بناء على عبور المراحل ومعدلاتها الفعلية.,MVP,PLANNING,مدير الإنتاج,3.7 FR-7,,PROD_LOGS;ORDERS;ORDER_ITEMS,,P-080,,ALG-001,,N/A,يعرض النظام ETA محسوبا وفق القواعد المعرّفة.,TC-058,READY,
FR-059,FR,احتساب إنتاجية الموظف وربطها بسعر الساعة,يجب احتساب إنتاجية الموظف وربطها بسعر الساعة التشغيلية.,MVP,PAYROLL,محاسب,3.8 FR-8,,PROD_LOGS;RATES;PAYROLL_LINES,RATE_TYPE;RATE_VALUE,P-100,,,,N/A,يتم احتساب أجر الإنتاج بالساعة التشغيلية.,TC-059,READY,
FR-060,FR,دعم المتعاقدين بالقطعة,يجب دعم المتعاقدين الخارجيين بالقطعة.,MVP,PAYROLL,محاسب,3.8 FR-8,,RATES;PAYROLL_LINES,RATE_TYPE;RATE_VALUE,P-100,,,,N/A,يتم احتساب الأجر بالقطعة للمتعهدين الخارجيين.,TC-060,READY,
FR-061,FR,تسجيل مهام NPT وربطها بالأجور,يجب تسجيل مهام NPT بالساعة وربطها بالأجور.,MVP,PAYROLL,محاسب,3.8 FR-8,,NPT_LOGS;PAYROLL_LINES,HOURS,P-095,,,,N/A,تُحتسب مهام NPT ضمن الأجور.,TC-061,READY,
FR-062,FR,تقرير تحليلي للرواتب,يجب توفير تقرير تحليلي للرواتب.,MVP,REPORTS,محاسب,3.8 FR-8;3.9 FR-9,,PAYROLL_RUNS;PAYROLL_LINES,,P-110,,,,N/A,يمكن استخراج تقرير تحليلي للرواتب.,TC-062,READY,
FR-063,FR,تقرير إجمالي الرواتب,يجب توفير تقرير إجمالي الرواتب.,MVP,REPORTS,محاسب,3.8 FR-8;3.9 FR-9,,PAYROLL_RUNS;PAYROLL_LINES,,P-110,,,,N/A,يمكن استخراج تقرير إجمالي الرواتب.,TC-063,READY,
FR-064,FR,مسير الرواتب,يجب دعم مسير الرواتب (تشغيل/مراجعة/استخراج).,MVP,PAYROLL,محاسب,3.8 FR-8;3.9 FR-9,,PAYROLL_RUNS;PAYROLL_LINES,STATUS,P-100,,,,N/A,يمكن تشغيل ومراجعة واستخراج مسير الرواتب.,TC-064,READY,
FR-065,FR,تقرير سجل الإنتاج الخام,يجب توفير تقرير سجل الإنتاج الخام.,MVP,REPORTS,مدير الإنتاج,3.9 FR-9,,PROD_LOGS,,P-110,,,,N/A,يمكن استخراج تقرير سجل الإنتاج الخام.,TC-065,READY,
FR-066,FR,تقرير إنتاجية الموظف بزمنيات متعددة,يجب توفير تقرير إنتاجية موظف حسب اليوم والأسبوع والشهر والسنة.,MVP,REPORTS,مدير الإنتاج,3.9 FR-9,,PROD_LOGS;EMPLOYEES,,P-110,,,,N/A,يمكن استخراج إنتاجية الموظف مع فلاتر زمنية متعددة.,TC-066,READY,
FR-067,FR,تقرير إنتاجية المراحل,يجب توفير تقرير إنتاجية المراحل.,MVP,REPORTS,مدير الإنتاج,3.9 FR-9,,STAGES;PROD_LOGS,,P-110,,,,N/A,يمكن استخراج تقرير إنتاجية المراحل.,TC-067,READY,
FR-068,FR,إنتاجية المرحلة حسب الموظفين,يجب توفير تقرير إنتاجية المرحلة حسب الموظفين.,MVP,REPORTS,مدير الإنتاج,3.9 FR-9,,STAGES;EMPLOYEES;PROD_LOGS,,P-110,,,,N/A,يمكن استخراج تقرير إنتاجية المرحلة حسب الموظفين.,TC-068,READY,
FR-069,FR,تقرير WIP لكل مرحلة,يجب توفير تقرير مخزون المرحلة WIP.,MVP,REPORTS,أمين المستودع,3.9 FR-9,,DISTRIBUTIONS;PROD_LOGS;STAGES,,P-110,,,,N/A,يمكن استخراج تقرير WIP حسب المرحلة.,TC-069,READY,
FR-070,FR,تقرير التوزيع مع الأسباب,يجب توفير تقرير التوزيع الآلي واليدوي مع الأسباب.,MVP,REPORTS,أمين المستودع,3.9 FR-9,,DISTRIBUTIONS,REASON,P-110,,,,N/A,يظهر التقرير نوع التوزيع والسبب.,TC-070,READY,
FR-071,FR,تقرير QC شامل,يجب توفير تقارير QC إجمالي وتشغيلي ومقاسات ومواصفات مع الصور.,MVP,REPORTS,فاحص جودة نهائي,3.9 FR-9,,QC_CHECKS;QC_DEFECTS,PHOTO_URL,P-110,,,,N/A,يمكن استخراج تقارير QC مع الصور.,TC-071,READY,
FR-072,FR,تقرير حساب موعد التسليم ETA,يجب توفير تقرير حساب موعد التسليم ETA.,MVP,REPORTS,مدير الإنتاج,3.9 FR-9,,ORDERS;ORDER_ITEMS,,P-110,,ALG-001,,N/A,يمكن استخراج تقرير ETA للطلبات.,TC-072,READY,
FR-073,FR,تقرير القدرة الإنتاجية والإضافي,يجب توفير تقرير القدرة الإنتاجية والإضافي.,MVP,REPORTS,مدير الإنتاج,3.9 FR-9,,PROD_LOGS;SETTINGS,DURATION_SEC;SHIFT_HOURS_DEFAULT,P-110,,,حساب الإضافي فوق ساعات الدوام الافتراضية,N/A,يظهر تقرير الإضافي بناءً على ساعات تتجاوز الدوام الافتراضي.,TC-073,READY,ASSUMPTION: A-010
FR-074,FR,تقرير أسعار المراحل,يجب توفير تقرير أسعار المراحل.,MVP,REPORTS,محاسب,3.9 FR-9,,RATES;STAGES,,P-110,,,,N/A,يمكن استخراج تقرير أسعار المراحل.,TC-074,READY,
FR-075,FR,تقرير أخطاء الموظفين الشهري,يجب توفير تقرير تحليلي لأخطاء الموظفين بالشهر.,MVP,REPORTS,محقق موارد بشرية,3.9 FR-9,,DEFECTS;QC_DEFECTS;EMPLOYEES,,P-110,,,,N/A,يمكن استخراج تقرير أخطاء الموظفين شهريا.,TC-075,READY,
FR-076,FR,استيراد رقم الفاتورة من Oracle,يجب استيراد رقم الفاتورة من نظام المبيعات (Oracle).,MVP,INTEGRATIONS,نظام المبيعات (Oracle),3.10 FR-10,,ORDERS,INVOICE_NUM,,API-003,,Idempotency لمدة 24 ساعة ومفتاح API صالح,رفض الطلبات المكررة أو غير المصرح بها,يتم استيراد الحقول المطلوبة من Oracle بنجاح.,TC-076,READY,ASSUMPTION: A-011
FR-077,FR,استيراد رقم المنتج من Oracle,يجب استيراد رقم المنتج من نظام المبيعات (Oracle).,MVP,INTEGRATIONS,نظام المبيعات (Oracle),3.10 FR-10,,PRODUCTS,PROD_CODE,,API-003,,Idempotency لمدة 24 ساعة ومفتاح API صالح,رفض الطلبات المكررة أو غير المصرح بها,يتم استيراد الحقول المطلوبة من Oracle بنجاح.,TC-077,READY,ASSUMPTION: A-011
FR-078,FR,استيراد نوع الإضافات من Oracle,يجب استيراد نوع الإضافات من نظام المبيعات (Oracle).,MVP,INTEGRATIONS,نظام المبيعات (Oracle),3.10 FR-10,,PRODUCTS,CUSTOMER_OPTIONS_JSON,,API-003,,Idempotency لمدة 24 ساعة ومفتاح API صالح,رفض الطلبات المكررة أو غير المصرح بها,يتم استيراد الحقول المطلوبة من Oracle بنجاح.,TC-078,READY,ASSUMPTION: A-011
FR-079,FR,استيراد مقاسات العميل من Oracle,يجب استيراد مقاسات العميل من نظام المبيعات (Oracle).,MVP,INTEGRATIONS,نظام المبيعات (Oracle),3.10 FR-10,,PRODUCTS,CUSTOMER_OPTIONS_JSON,,API-003,,Idempotency لمدة 24 ساعة ومفتاح API صالح,رفض الطلبات المكررة أو غير المصرح بها,يتم استيراد الحقول المطلوبة من Oracle بنجاح.,TC-079,READY,ASSUMPTION: A-011
FR-080,FR,استيراد مواصفات العميل من Oracle,يجب استيراد مواصفات العميل من نظام المبيعات (Oracle).,MVP,INTEGRATIONS,نظام المبيعات (Oracle),3.10 FR-10,,PRODUCTS,CUSTOMER_OPTIONS_JSON,,API-003,,Idempotency لمدة 24 ساعة ومفتاح API صالح,رفض الطلبات المكررة أو غير المصرح بها,يتم استيراد الحقول المطلوبة من Oracle بنجاح.,TC-080,READY,ASSUMPTION: A-011
FR-081,FR,استيراد مواعيد التسليم من Oracle,يجب استيراد مواعيد التسليم من نظام المبيعات (Oracle).,MVP,INTEGRATIONS,نظام المبيعات (Oracle),3.10 FR-10,,ORDERS,DUE_DATE,,API-003,,Idempotency لمدة 24 ساعة ومفتاح API صالح,رفض الطلبات المكررة أو غير المصرح بها,يتم استيراد الحقول المطلوبة من Oracle بنجاح.,TC-081,READY,ASSUMPTION: A-011
FR-082,FR,تكامل ثنائي مع نظام التفصيل,يجب توفير تكامل ثنائي مع نظام التفصيل للاستعلام والدفع الحدثي.,MVP,INTEGRATIONS,نظام التفصيل,3.10 FR-10,,PROD_LOGS;QC_CHECKS;REPAIR_TICKETS,,,API-001;API-002,,HMAC صحيح للـ Webhook وAPIKey صالح للاستعلام,رفض توقيع غير صحيح أو مفتاح غير صالح,يعمل الاستعلام والدفع الحدثي ضمن النطاق الأدنى.,TC-082,READY,ASSUMPTION: A-012
FR-083,FR,هوية موحدة THOBE_NUM,يجب اعتماد هوية موحدة THOBE_NUM مع دعم INVOICE_NUM وITEM_SEQ.,MVP,INTEGRATIONS,نظام التفصيل,3.10 FR-10,,ORDER_ITEMS;ORDERS,THOBE_NUM;INVOICE_NUM;ITEM_SEQ,,API-001,,THOBE_NUM فريد لكل عنصر,رفض تكرار THOBE_NUM,يمكن الاستعلام باستخدام THOBE_NUM ويُخزن بشكل فريد.,TC-083,READY,ASSUMPTION: A-013
FR-084,FR,إدخال الماستر يدويا,يجب إدخال الماستر يدويا لضمان الجودة.,MVP,OPS,مسؤول النظام,11,,STAGE_TYPES;STAGES;DEFECTS;RATES,,P-010,,,,N/A,توجد آلية لإدخال بيانات الماستر يدويا.,TC-084,READY,
FR-085,FR,ربط المنتجات والفواتير دون تاريخ في الإصدار الأول,يجب ربط المنتجات والفواتير من Oracle دون استيراد تاريخي في الإصدار الأول.,MVP,INTEGRATIONS,نظام المبيعات (Oracle),11,,PRODUCTS;ORDERS,PROD_CODE;INVOICE_NUM,,API-003,,,N/A,يتم جلب المنتجات والفواتير الحالية فقط دون بيانات تاريخية.,TC-085,READY,
FR-086,FR,استقدام تاريخ الإنتاج والجودة لاحقا,يجب دعم إمكانية استقدام تاريخ الإنتاج والجودة لاحقا بعد استقرار النموذج.,V1+,OPS,مسؤول النظام,11,,PROD_LOGS;QC_CHECKS,,,,,ملفات CSV بصيغة قياسية مع تحقق من البيانات,رفض الصفوف غير المطابقة,يمكن استقدام بيانات تاريخية عبر ملفات تحقق.,TC-086,READY,ASSUMPTION: A-020
FR-087,FR,اعتماد قائمة المراحل بترميز موحد,يجب استكمال واعتماد قائمة المراحل بترميز موحد.,MVP,MASTER,مسؤول النظام,14,,STAGES,CODE,P-030,,,,N/A,تم اعتماد قائمة مراحل بترميز موحد في الأصول.,TC-087,READY,ASSUMPTION: A-001
FR-088,FR,تحميل قاموس العيوب والجزاءات الرسمي,يجب تحميل قاموس العيوب والجزاءات الرسمي.,MVP,QC,مسؤول النظام,14,,DEFECTS,CODE;SEVERITY;CATEGORY,P-070,,,,N/A,تم تحميل قاموس العيوب الرسمي في الأصول.,TC-088,READY,ASSUMPTION: A-003
FR-089,FR,قوالب WhatsApp الرسمية,يجب توفير قوالب WhatsApp للمرتجع والتدريب وموعد الإصلاح والتذكير.,MVP,NOTIFICATIONS,مسؤول النظام,14,,SETTINGS;NOTIFICATIONS,TEMPLATE,P-010,,,,N/A,تم توفير قوالب WhatsApp الرسمية في الأصول.,TC-089,READY,ASSUMPTION: A-021
FR-090,FR,ربط قائمة التقارير بالـ RTM,يجب ربط قائمة التقارير بمصفوفة تتبع المتطلبات RTM.,MVP,REPORTS,مدير الإنتاج,14,,REPORTS_CATALOG,REPORT_ID;REPORT_NAME_AR;REPORT_NAME_EN;AUDIENCE_ROLE,P-110,,,,N/A,تم ربط قائمة التقارير بالـ RTM عبر Reports_List.,TC-090,READY,ASSUMPTION: A-022
FR-091,FR,تحسين التخطيط والاختناقات,يجب تحسين التخطيط والاختناقات في V1.1.,V1+,PLANNING,مدير الإنتاج,13,,PROD_LOGS;STAGES;BI_KPI_DAILY,STAGE_ID;KPI_CODE;KPI_VALUE,P-080,,,,N/A,تحسينات التخطيط مطبقة دون تغيير المنصة.,TC-091,READY,ASSUMPTION: A-017
FR-092,FR,تحسين ETA,يجب تحسين ETA في V1.1.,V1+,PLANNING,مدير الإنتاج,13,,PROD_LOGS;ORDERS;QC_CHECKS;REPAIR_TICKETS,DURATION_SEC;DUE_DATE;STATUS,P-080,,,,N/A,تحسينات ETA مطبقة بإضافة عامل إعادة العمل.,TC-092,READY,ASSUMPTION: A-018
FR-093,FR,تكامل أعمق مع المبيعات,يجب توفير تكامل أعمق مع نظام المبيعات في V1.1.,V1+,INTEGRATIONS,نظام المبيعات (Oracle),13,,ORDERS;ORDER_ITEMS;INTEGRATION_LOGS,STATUS;CANCELLED_AT;SOURCE_UPDATED_AT;LAST_SYNC_AT;DUE_DATE;INVOICE_NUM;ITEM_SEQ,,,,تحديثات أحدث فقط (SOURCE_UPDATED_AT) وUpsert حسب INVOICE_NUM+ITEM_SEQ,تجاهل تحديث أقدم من SOURCE_UPDATED_AT,تحديثات الإلغاء/التعديل من Oracle تُطبق وتُسجل في INTEGRATION_LOGS.,TC-093,READY,ASSUMPTION: A-023; OPTION: O-001/O-002
FR-094,FR,لوحات BI,يجب توفير لوحات BI في V1.1.,V1+,REPORTS,المدير العام,13,,BI_KPI_DAILY,KPI_DATE;KPI_CODE;KPI_VALUE;STAGE_ID;BRANCH_ID,,,,تحديث يومي للمؤشرات,N/A,لوحات BI داخل APEX تعرض مؤشرات رئيسية بزمن تحميل ≤ 5 ثوان.,TC-094,READY,ASSUMPTION: A-024; OPTION: O-003/O-004
FR-095,FR,جزاءات تلقائية من العيوب,يجب تطبيق جزاءات تلقائية بناء على العيوب في V1.1.,V1+,QC,محقق موارد بشرية,13,,PENALTY_APPLIED;QC_DEFECTS;PENALTIES,PEN_APPLIED_ID;DEFECT_ID;POINTS,P-070,,,تطبيق النقاط تلقائياً عند تسجيل العيوب,N/A,تُحتسب الجزاءات تلقائياً وفق المصفوفة.,TC-095,READY,ASSUMPTION: A-019
FR-096,FR,تكلفة متقدمة,يجب دعم تكلفة متقدمة في V1.2.,V1+,PAYROLL,محاسب,13,,COST_STANDARDS;OVERHEAD_POOLS;COST_ALLOCATIONS;COST_RUNS;COST_RESULTS,COST_RATE;ALLOC_PERCENT;RUN_ID;TOTAL_COST,,,,عدم تداخل فترات السريان؛ مجموع التحميل <= 100%,رفض سريان متداخل أو تحميل زائد,تشغيل دورة تكلفة ينتج تكلفة لكل منتج ويمكن تتبعها إلى سعر مرحلة وتحميل عام.,TC-096,READY,ASSUMPTION: A-025; OPTION: O-005/O-006
FR-097,FR,حوافز ذكية,يجب دعم حوافز ذكية في V1.2.,V1+,PAYROLL,محاسب,13,,INCENTIVE_RULES;INCENTIVE_EARNINGS;PAYROLL_LINES,THRESHOLD;RATE;MAX_CAP;EARN_INCENTIVE,,,,العتبات > 0 والحد الأقصى مُطبق لكل موظف,رفض عتبة غير منطقية,عند تحقق العتبة تُحتسب الحوافز تلقائياً وتظهر في مسير الرواتب.,TC-097,READY,ASSUMPTION: A-026; OPTION: O-007/O-008
FR-098,FR,تطبيق جوال بخاصية Offline Queue,يجب توفير تطبيق جوال بخاصية Offline Queue في V1.2.,V1+,OPS,عامل تشغيلي,13,,MOBILE_DEVICES;OFFLINE_QUEUE;PROD_LOGS;QC_CHECKS,DEVICE_ID;EMP_ID;PAYLOAD_JSON;IDEMPOTENCY_KEY;STATUS;QUEUED_AT;SYNC_AT,,API-004,,المزامنة مرة واحدة لكل Idempotency-Key وبالترتيب,تجاهل الإدخالات المكررة,يمكن إدخال العمليات دون اتصال ثم مزامنتها دون فقد أو تكرار.,TC-098,READY,ASSUMPTION: A-027; OPTION: O-009/O-010
NFR-001,NFR,زمن استجابة الإدخال,زمن استجابة إدخال البيانات يجب ألا يتجاوز 1.5 ثانية.,MVP,OPS,جميع الأدوار,4,,,,,,,,تجاوز 1.5 ثانية,قياس P95 ≤ 1.5 ثانية لعمليات الإدخال.,TC-101,READY,
NFR-002,NFR,زمن استجابة اللوحات,زمن استجابة اللوحات يجب أن يكون 3–5 ثوان حتى 100k سجل/شهر.,MVP,OPS,جميع الأدوار,4,,,,,,,,تجاوز 5 ثوان,تستجيب اللوحات خلال 3–5 ثوان حتى 100k سجل/شهر.,TC-102,READY,
NFR-003,NFR,قابلية التوسع للمستخدمين المتزامنين,يجب دعم حتى 300 مستخدم متزامن.,MVP,OPS,جميع الأدوار,4,,,,,,,,N/A,اختبارات التحميل تثبت دعم 300 مستخدم متزامن.,TC-103,READY,
NFR-004,NFR,قابلية التوسع للقطع اليومية,"يجب دعم حتى 10,000 قطعة في اليوم.",MVP,OPS,جميع الأدوار,4,,,,,,,,N/A,"اختبارات الأداء تثبت معالجة 10,000 قطعة/يوم.",TC-104,READY,
NFR-005,NFR,الإتاحة الشهرية,يجب تحقيق إتاحة 99.5% شهريا.,MVP,OPS,جميع الأدوار,4,,,,,,,,N/A,تقارير التوافر الشهرية ≥ 99.5%.,TC-105,READY,
NFR-006,NFR,دعم اللغات,يجب دعم اللغة العربية والإنجليزية والهندية.,MVP,OPS,جميع الأدوار,4,,,,,,,,N/A,واجهة النظام تدعم اللغات الثلاث.,TC-106,READY,
NFR-007,NFR,دعم Mobile/Kiosk,يجب دعم تشغيل النظام عبر Mobile/Kiosk.,MVP,OPS,جميع الأدوار,4,,,,,,,,N/A,يمكن استخدام الشاشات على Mobile/Kiosk دون فقد وظائف أساسية.,TC-107,READY,
NFR-008,NFR,دعم قارئات الباركود,يجب دعم قارئات الباركود.,MVP,OPS,جميع الأدوار,4,,,,,,,,N/A,يمكن إدخال البيانات عبر قارئ باركود.,TC-108,READY,
NFR-009,NFR,اختصارات لوحة المفاتيح,يجب دعم اختصارات لوحة المفاتيح.,MVP,OPS,جميع الأدوار,4,,,,,,,,N/A,توجد اختصارات موثقة لعمليات الإدخال الأساسية.,TC-109,READY,
NFR-010,NFR,نسخ احتياطي يومي/أسبوعي,يجب تنفيذ نسخ احتياطي يومي وأسبوعي.,MVP,OPS,مسؤول النظام,4,,,,,,,,N/A,توجد سياسة نسخ احتياطي يومي وأسبوعي فعالة.,TC-110,READY,
NFR-011,NFR,RPO لا يتجاوز 15 دقيقة,يجب أن يكون RPO ≤ 15 دقيقة.,MVP,OPS,مسؤول النظام,4,,,,,,,,N/A,تثبت إجراءات النسخ أن RPO لا يتجاوز 15 دقيقة.,TC-111,READY,
NFR-012,NFR,زمن استعلام الحالة P95,زمن استعلام الحالة يجب أن يكون ≤ 5 ثوان (P95).,MVP,INTEGRATIONS,نظام التفصيل,4,,,,,,,الالتزام بزمن الاستجابة والتسليم المعرّف,تجاوز الحدود الزمنية,P95 لاستعلام الحالة ≤ 5 ثوان.,TC-112,READY,ASSUMPTION: A-012
NFR-013,NFR,زمن تسليم الحدث,زمن تسليم الحدث يجب أن يكون ≤ 10 ثوان.,MVP,INTEGRATIONS,نظام التفصيل,4,,,,,,,الالتزام بزمن الاستجابة والتسليم المعرّف,تجاوز الحدود الزمنية,يتم تسليم الحدث خلال 10 ثوان.,TC-113,READY,ASSUMPTION: A-012
NFR-014,NFR,إتاحة التكامل,إتاحة التكامل يجب أن تكون ≥ 99%.,MVP,INTEGRATIONS,نظام التفصيل,4,,,,,,,الالتزام بزمن الاستجابة والتسليم المعرّف,تجاوز الحدود الزمنية,تقارير التوافر للتكامل ≥ 99%.,TC-114,READY,ASSUMPTION: A-012
NFR-015,NFR,تسليم at-least-once مع Idempotency GUID,يجب ضمان تسليم الأحداث at-least-once مع Idempotency GUID.,MVP,INTEGRATIONS,نظام التفصيل,4,,,,,,,الالتزام بزمن الاستجابة والتسليم المعرّف,تجاوز الحدود الزمنية,يدعم النظام إعادة المحاولة دون تكرار أثر الأعمال.,TC-115,READY,ASSUMPTION: A-012
NFR-016,NFR,بيئة Sandbox للاختبار,يجب توفير Sandbox لاختبار التكامل.,MVP,INTEGRATIONS,نظام التفصيل,4,,,,,,,الالتزام بزمن الاستجابة والتسليم المعرّف,تجاوز الحدود الزمنية,تتوفر بيئة اختبار منفصلة للتكامل.,TC-116,READY,ASSUMPTION: A-012
SEC-001,SEC,RBAC حسب الأدوار,يجب تطبيق RBAC بحسب الأدوار المحددة.,MVP,SECURITY,مسؤول النظام,4;12,,RBAC_ROLES;RBAC_PERMISSIONS,ROLE_NAME;PERMISSION_CODE,,,,,رفض الوصول لغير المخولين,لا يمكن تنفيذ أي عملية دون الدور المناسب.,TC-201,READY,الأدوار موصوفة في القسم 5.
SEC-002,SEC,أمن صفوف حسب الفرع/المركز/المرحلة,يجب تطبيق أمن صفوف على مستوى الفرع والمركز والمرحلة.,MVP,SECURITY,مسؤول النظام,4;12,,BRANCHES;CENTERS;EMPLOYEES;ORDERS;STAGES,BRANCH_ID;CENTER_ID,,,,تقييد الاستعلام حسب الفرع/المركز/المرحلة,رفض الوصول خارج النطاق,تُطبق قيود RLS وفق الفرع والمركز والمرحلة.,TC-202,READY,ASSUMPTION: A-014
SEC-003,SEC,HTTPS إلزامي,يجب استخدام HTTPS للوصول إلى النظام.,MVP,SECURITY,مسؤول النظام,4,,SETTINGS,KEY;VALUE,,,,,رفض اتصال غير مشفر,لا يقبل النظام اتصالات غير HTTPS.,TC-203,READY,
SEC-004,SEC,إخفاء البيانات الحساسة,يجب إخفاء البيانات الحساسة في الواجهات.,MVP,SECURITY,مسؤول النظام,4,,SENSITIVE_FIELDS,FIELD_NAME;MASK_RULE,,,,إخفاء الحقول الحساسة حسب الدور,N/A,الحقول الحساسة مخفية لغير المخولين.,TC-204,READY,ASSUMPTION: A-015
SEC-005,SEC,سجل تدقيقي شامل,يجب تسجيل سجل تدقيقي كامل لكل عمليات CRUD/Undo مع المستخدم والسبب.,MVP,SECURITY,مسؤول النظام,12,,AUDIT_LOG,TABLE_NAME;ROW_ID;ACTION;USER_ID;TS,,,,,N/A,كل عملية CRUD/Undo تُسجّل مع المستخدم والسبب.,TC-205,READY,
SEC-006,SEC,صلاحية اعتماد التوزيع,يجب وجود صلاحية خاصة لاعتماد التوزيع.,MVP,SECURITY,مدير الإنتاج,12,,RBAC_PERMISSIONS,PERMISSION_CODE,,,,,رفض اعتماد بدون صلاحية,لا يمكن اعتماد التوزيع دون الصلاحية المطلوبة.,TC-206,READY,
SEC-007,SEC,صلاحية استثناء منع التسجيل بعد موعد الإصلاح,يجب وجود صلاحية خاصة لاستثناء منع التسجيل بعد موعد الإصلاح.,MVP,SECURITY,مدير الإنتاج,12,,RBAC_PERMISSIONS,PERMISSION_CODE,,,,,رفض الاستثناء بدون صلاحية,لا يسمح بالاستثناء إلا لمدير الإنتاج.,TC-207,READY,
SEC-008,SEC,مفاتيح API,يجب استخدام مفاتيح API للتكاملات.,MVP,SECURITY,مسؤول النظام,3.10 FR-10,,API_KEYS,API_KEY;STATUS,,,,مفتاح API صالح لكل طلب,رفض بدون مفتاح,لا يُقبل أي طلب تكامل دون مفتاح API صالح.,TC-208,READY,ASSUMPTION: A-011
SEC-009,SEC,Rate Limits للتكامل,يجب تطبيق Rate Limits للتكاملات.,MVP,SECURITY,مسؤول النظام,3.10 FR-10,,API_RATE_LIMITS,API_ID;LIMIT_PER_MIN,,,,الالتزام بـ RateLimit 60/min,429 عند تجاوز الحد,يتم تقييد عدد الطلبات وفق الحدود المحددة.,TC-209,READY,ASSUMPTION: A-011
SEC-010,SEC,Idempotency لمدة 24 ساعة,يجب تطبيق Idempotency لمدة 24 ساعة لطلبات التكامل.,MVP,SECURITY,مسؤول النظام,3.10 FR-10,,API_IDEMPOTENCY_KEYS,IDEMPOTENCY_KEY;EXPIRES_AT,,,,Idempotency-Key صالح لمدة 24 ساعة,تجاهل الطلب المكرر,الطلبات المكررة بنفس GUID لا تُكرر الأثر خلال 24 ساعة.,TC-210,READY,ASSUMPTION: A-011
UC-001,UC,التوزيع الآلي,ترتيب العناصر آليا ثم قبول/تعديل من أمين المستودع.,MVP,DISTRIBUTION,أمين المستودع,7 UC-01,,DISTRIBUTIONS;ORDERS,DIST_ID;DUE_DATE,P-050,,ALG-003,,N/A,يتم ترتيب العناصر آليا ويستطيع أمين المستودع تعديلها.,TC-301,READY,
UC-002,UC,التوزيع اليدوي,تنفيذ وإلغاء التوزيع اليدوي مع السبب وسجل تدقيقي.,MVP,DISTRIBUTION,أمين المستودع,7 UC-02,,DISTRIBUTIONS;AUDIT_LOG,REASON;ACTION,P-050,,,سبب مطلوب,N/A,يتم تنفيذ أو إلغاء توزيع يدوي مع سبب وتدقيق.,TC-302,READY,
UC-003,UC,تسجيل الإنتاج,بطاقة/رقم وظيفي ثم مرحلة مخولة ثم منتج ثم بدء/إنهاء ثم حفظ.,MVP,PROD_LOGGING,عامل تشغيلي,7 UC-03,,PROD_LOGS;EMPLOYEES;STAGES,EMP_ID;STAGE_ID;START_AT;END_AT,P-060,,,,N/A,يُسجل الإنتاج عبر الخطوات المذكورة دون أخطاء.,TC-303,READY,
UC-004,UC,فحص جودة مخفي,مطابقة مواصفات ومقاسات العميل وفتح تذكرة إصلاح عند الفشل.,MVP,QC,فاحص جودة نهائي,7 UC-04,,QC_CHECKS;REPAIR_TICKETS,QC_TYPE;RESULT;RPR_ID,P-070,,,,فتح تذكرة عند الفشل,ينشئ النظام تذكرة إصلاح عند فشل الفحص المخفي.,TC-304,READY,
UC-005,UC,إصلاح مرتجع,جدولة موعد وإشعار ومنع تسجيل بعد الموعد إلا باستثناء.,MVP,REPAIR,فاحص جودة نهائي,7 UC-05,,REPAIR_TICKETS;NOTIFICATIONS,DUE_AT;STATUS;MSG_ID,P-075,,,,منع التسجيل بعد الموعد,يطبق النظام الجدولة والمنع والاستثناء.,TC-305,READY,
UC-006,UC,تدريب وإقرار,تعيين تدريب وإشعار واتساب واختبار قصير وإقرار إلكتروني.,MVP,TRAINING,مسؤول النظام,7 UC-06,,TRAINING_ASSIGN;NOTIFICATIONS,ASSIGN_ID;STATUS;MSG_ID,P-045,,,,N/A,تُنفذ الدورة التدريبية مع إشعار واختبار وإقرار.,TC-306,READY,
UC-007,UC,تشغيل الرواتب,تجميع الإنتاج والساعات وNPT وتطبيق الأسعار وتشغيل الدورة.,MVP,PAYROLL,محاسب,7 UC-07,,PAYROLL_RUNS;PAYROLL_LINES;RATES,RUN_ID;EARN_PROD;RATE_VALUE,P-100,,,,N/A,يتم تشغيل مسير الرواتب بناء على البيانات المجمعة.,TC-307,READY,
UC-008,UC,التقارير والتصدير,توليد وتصدير تقارير مع فلاتر زمنية قياسية.,MVP,REPORTS,مدير الإنتاج,7 UC-08,,REPORTS_CATALOG,REPORT_ID,P-110,,,,N/A,يمكن توليد التقارير وتصديرها بفلاتر زمنية.,TC-308,READY,
UC-009,UC,استعلام حالة من نظام التفصيل,GET /items/{thobe_num}/status يعيد الحركة الكاملة وQC وETA.,MVP,INTEGRATIONS,نظام التفصيل,7 UC-09,,PROD_LOGS;QC_CHECKS;REPAIR_TICKETS;ORDERS,LOG_ID;QC_ID;RPR_ID;ORDER_ID,,API-001,,,N/A,يعيد الاستعلام بيانات الحركة وQC وETA.,TC-309,READY,ASSUMPTION: A-012
UC-010,UC,استقبال أحداث الحركة,تسجيل نقطة نهاية Webhook بتوقيع HMAC لتحديث الحالة.,MVP,INTEGRATIONS,نظام التفصيل,7 UC-10,,INTEGRATION_LOGS;DISTRIBUTIONS,LOG_ID;DIST_ID,,API-002,,توقيع HMAC صحيح,رفض توقيع غير صحيح,يتم استقبال الحدث وتحديث الحالة عند توقيع صحيح.,TC-310,READY,ASSUMPTION: A-012
ALG-001,ALG,حساب ETA,ETA = متوسط متحرك لإنتاج آخر 7 أيام لكل مرحلة × مسار المنتج × WIP الحالي.,MVP,PLANNING,مدير الإنتاج,8,,,,,,ALG-001,,N/A,يتم حساب ETA وفق المعادلة المحددة.,TC-401,READY,
ALG-002,ALG,كشف الاختناق,الاختناق: مرحلة ذات WIP مرتفع ومعدل صرف منخفض مقارنة بالمتوسط التاريخي.,MVP,PLANNING,مدير الإنتاج,8,,,,,,ALG-002,,N/A,تُحدد المرحلة كاختناق عند تحقق الشرطين.,TC-402,READY,
ALG-003,ALG,قواعد التوزيع,التوزيع حسب DueDate ثم ShipDistance ثم InvoiceNum مع استثناءات مسجلة.,MVP,DISTRIBUTION,أمين المستودع,8,,,,,,ALG-003,,N/A,يتم ترتيب العناصر وفق القاعدة مع تسجيل الاستثناءات.,TC-403,READY,
P-010,PAGE,صفحة الإعدادات,يجب توفير صفحة الإعدادات لتحقيق: إعداد اليوم الموسمي والقوالب والسياسات.,MVP,MASTER,مسؤول النظام,9 Pages,,,,P-010,,,,N/A,الصفحة متاحة وتنفذ الهدف المذكور.,TC-501,READY,
P-020,PAGE,صفحة أنواع المراحل,يجب توفير صفحة أنواع المراحل لتحقيق: إدارة أنواع المراحل.,MVP,MASTER,مسؤول النظام,9 Pages,,,,P-020,,,,N/A,الصفحة متاحة وتنفذ الهدف المذكور.,TC-501,READY,
P-030,PAGE,صفحة المراحل,يجب توفير صفحة المراحل لتحقيق: إدارة المراحل وترتيبها.,MVP,MASTER,مسؤول النظام,9 Pages,,,,P-030,,,,N/A,الصفحة متاحة وتنفذ الهدف المذكور.,TC-501,READY,
P-040,PAGE,صفحة الموظفون والمهارات,يجب توفير صفحة الموظفون والمهارات لتحقيق: إدارة الموظفين والمهارات والمرحلة الافتراضية.,MVP,MASTER,مسؤول النظام,9 Pages,,,,P-040,,,,N/A,الصفحة متاحة وتنفذ الهدف المذكور.,TC-501,READY,
P-045,PAGE,صفحة التدريب والمحتوى,يجب توفير صفحة التدريب والمحتوى لتحقيق: إدارة التدريب والإقرارات.,MVP,TRAINING,مسؤول النظام,9 Pages,,,,P-045,,,,N/A,الصفحة متاحة وتنفذ الهدف المذكور.,TC-501,READY,
P-050,PAGE,صفحة التوزيع وWIP,يجب توفير صفحة التوزيع وWIP لتحقيق: تنفيذ التوزيع ومتابعة WIP.,MVP,DISTRIBUTION,أمين المستودع,9 Pages,,,,P-050,,,,N/A,الصفحة متاحة وتنفذ الهدف المذكور.,TC-501,READY,
P-060,PAGE,صفحة تسجيل الإنتاج,يجب توفير صفحة تسجيل الإنتاج لتحقيق: تسجيل الإنتاج Mobile/Kiosk.,MVP,PROD_LOGGING,عامل تشغيلي,9 Pages,,,,P-060,,,,N/A,الصفحة متاحة وتنفذ الهدف المذكور.,TC-501,READY,
P-070,PAGE,صفحة فحص الجودة,يجب توفير صفحة فحص الجودة لتحقيق: تسجيل فحوصات الجودة والعيوب.,MVP,QC,فاحص جودة نهائي,9 Pages,,,,P-070,,,,N/A,الصفحة متاحة وتنفذ الهدف المذكور.,TC-501,READY,
P-075,PAGE,صفحة تذاكر الإصلاح,يجب توفير صفحة تذاكر الإصلاح لتحقيق: إدارة تذاكر الإصلاح وجدولتها.,MVP,REPAIR,فاحص جودة نهائي,9 Pages,,,,P-075,,,,N/A,الصفحة متاحة وتنفذ الهدف المذكور.,TC-501,READY,
P-080,PAGE,صفحة لوحة التخطيط والاختناقات,يجب توفير صفحة لوحة التخطيط والاختناقات لتحقيق: رصد الاختناقات وETA.,MVP,PLANNING,مدير الإنتاج,9 Pages,,,,P-080,,,,N/A,الصفحة متاحة وتنفذ الهدف المذكور.,TC-501,READY,
P-090,PAGE,صفحة الأسعار,يجب توفير صفحة الأسعار لتحقيق: إدارة أسعار المراحل.,MVP,PAYROLL,محاسب,9 Pages,,,,P-090,,,,N/A,الصفحة متاحة وتنفذ الهدف المذكور.,TC-501,READY,
P-095,PAGE,صفحة مهام NPT,يجب توفير صفحة مهام NPT لتحقيق: تسجيل مهام NPT بالساعة.,MVP,PAYROLL,محاسب,9 Pages,,,,P-095,,,,N/A,الصفحة متاحة وتنفذ الهدف المذكور.,TC-501,READY,
P-100,PAGE,صفحة الرواتب,يجب توفير صفحة الرواتب لتحقيق: تشغيل ومراجعة الرواتب.,MVP,PAYROLL,محاسب,9 Pages,,,,P-100,,,,N/A,الصفحة متاحة وتنفذ الهدف المذكور.,TC-501,READY,
P-110,PAGE,صفحة التقارير,يجب توفير صفحة التقارير لتحقيق: عرض وتصدير التقارير.,MVP,REPORTS,مدير الإنتاج,9 Pages,,,,P-110,,,,N/A,الصفحة متاحة وتنفذ الهدف المذكور.,TC-501,READY,
API-001,API,استعلام حالة المنتج,GET /items/{thobe_num}/status يعيد الحركة الكاملة وQC وتذاكر الإصلاح وETA.,MVP,INTEGRATIONS,نظام التفصيل,3.10 FR-10;7 UC-09,,PROD_LOGS;QC_CHECKS;REPAIR_TICKETS;ORDERS;ORDER_ITEMS,LOG_ID;QC_ID;RPR_ID;ORDER_ID;ITEM_ID,,API-001,,APIKey مطلوب,401 عند عدم الترخيص,يعيد الحالة مع الحركة وQC وETA.,TC-601,READY,ASSUMPTION: A-012
API-002,API,Webhook أحداث الحركة,يجب استقبال Webhook موقّع HMAC عند كل تغيير مرحلة.,MVP,INTEGRATIONS,نظام التفصيل,3.10 FR-10;7 UC-10,,INTEGRATION_LOGS;DISTRIBUTIONS,LOG_ID;DIST_ID,,API-002,,توقيع HMAC صحيح + Idempotency-Key,401/409 عند فشل التحقق,يتم قبول الحدث وتحديث الحالة.,TC-602,READY,ASSUMPTION: A-012
API-003,API,استيراد بيانات المبيعات من Oracle,يجب استيراد بيانات المبيعات من نظام Oracle (فواتير ومنتجات وخيارات عميل ومواعيد تسليم).,MVP,INTEGRATIONS,نظام المبيعات (Oracle),3.10 FR-10,,ORDERS;ORDER_ITEMS;PRODUCTS,ORDER_ID;ITEM_ID;PROD_ID;INVOICE_NUM,,API-003,,APIKey + Idempotency 24h,400/409 عند تكرار/نقص البيانات,يتم استيراد الطلبات من Oracle بنجاح.,TC-603,READY,ASSUMPTION: A-011
